Name,Year,Value
Legislative Branch,1976,936.0
Legislative Branch,1977,1057.0
Legislative Branch,1978,1087.0
Legislative Branch,1979,1131.0
Legislative Branch,1980,1318.0
Legislative Branch,1981,1251.0
Legislative Branch,1982,1414.0
Legislative Branch,1983,1687.0
Legislative Branch,1984,1768.0
Legislative Branch,1985,1703.0
Legislative Branch,1986,1720.0
Legislative Branch,1987,1873.0
Legislative Branch,1988,2123.0
Legislative Branch,1989,2250.0
Legislative Branch,1990,2248.0
Legislative Branch,1991,2493.0
Legislative Branch,1992,2632.0
Legislative Branch,1993,2621.0
Legislative Branch,1994,2612.0
Legislative Branch,1995,2682.0
Legislative Branch,1996,2454.0
Legislative Branch,1997,2541.0
Legislative Branch,1998,2627.0
Legislative Branch,1999,2943.0
Legislative Branch,2000,2800.0
Legislative Branch,2001,3149.0
Legislative Branch,2002,3613.0
Legislative Branch,2003,3830.0
Legislative Branch,2004,3937.0
Legislative Branch,2005,4036.0
Legislative Branch,2006,4219.0
Legislative Branch,2007,4286.0
Legislative Branch,2008,4447.0
Legislative Branch,2009,4977.0
Legislative Branch,2010,4893.0
Legislative Branch,2011,4737.0
Legislative Branch,2012,4542.0
Legislative Branch,2013,4258.0
Legislative Branch,2014,4462.0
Legislative Branch,2015,4506.0
Legislative Branch,2016,4570.0
Legislative Branch,2017,4570.0
Legislative Branch,2018,5173.0
Legislative Branch,2019,5195.0
Legislative Branch,2020,5195.0
Legislative Branch,2021,5198.0
Legislative Branch,2022,5206.0
Judicial Branch,1976,346.0
Judicial Branch,1977,431.0
Judicial Branch,1978,459.0
Judicial Branch,1979,521.0
Judicial Branch,1980,609.0
Judicial Branch,1981,656.0
Judicial Branch,1982,733.0
Judicial Branch,1983,823.0
Judicial Branch,1984,904.0
Judicial Branch,1985,1055.0
Judicial Branch,1986,1045.0
Judicial Branch,1987,1273.0
Judicial Branch,1988,1344.0
Judicial Branch,1989,1481.0
Judicial Branch,1990,1752.0
Judicial Branch,1991,2118.0
Judicial Branch,1992,2445.0
Judicial Branch,1993,2613.0
Judicial Branch,1994,2832.0
Judicial Branch,1995,2998.0
Judicial Branch,1996,3174.0
Judicial Branch,1997,3386.0
Judicial Branch,1998,3543.0
Judicial Branch,1999,3807.0
Judicial Branch,2000,4067.0
Judicial Branch,2001,4459.0
Judicial Branch,2002,4970.0
Judicial Branch,2003,5168.0
Judicial Branch,2004,5440.0
Judicial Branch,2005,5726.0
Judicial Branch,2006,5993.0
Judicial Branch,2007,6180.0
Judicial Branch,2008,6518.0
Judicial Branch,2009,6787.0
Judicial Branch,2010,7214.0
Judicial Branch,2011,7205.0
Judicial Branch,2012,7240.0
Judicial Branch,2013,6926.0
Judicial Branch,2014,7284.0
Judicial Branch,2015,7404.0
Judicial Branch,2016,7596.0
Judicial Branch,2017,7613.0
Judicial Branch,2018,8115.0
Judicial Branch,2019,8082.0
Judicial Branch,2020,8116.0
Judicial Branch,2021,8160.0
Judicial Branch,2022,8181.0
Department of Agriculture,1976,20690.0
Department of Agriculture,1977,21841.0
Department of Agriculture,1978,26659.0
Department of Agriculture,1979,37250.0
Department of Agriculture,1980,39559.0
Department of Agriculture,1981,47410.0
Department of Agriculture,1982,57400.0
Department of Agriculture,1983,69831.0
Department of Agriculture,1984,46734.0
Department of Agriculture,1985,61823.0
Department of Agriculture,1986,59154.0
Department of Agriculture,1987,52421.0
Department of Agriculture,1988,55134.0
Department of Agriculture,1989,55627.0
Department of Agriculture,1990,55214.0
Department of Agriculture,1991,59957.0
Department of Agriculture,1992,66170.0
Department of Agriculture,1993,67730.0
Department of Agriculture,1994,65458.0
Department of Agriculture,1995,58437.0
Department of Agriculture,1996,58592.0
Department of Agriculture,1997,60727.0
Department of Agriculture,1998,58134.0
Department of Agriculture,1999,67560.0
Department of Agriculture,2000,75162.0
Department of Agriculture,2001,73082.0
Department of Agriculture,2002,71209.0
Department of Agriculture,2003,78750.0
Department of Agriculture,2004,93037.0
Department of Agriculture,2005,95023.0
Department of Agriculture,2006,97339.0
Department of Agriculture,2007,91821.0
Department of Agriculture,2008,92950.0
Department of Agriculture,2009,127826.0
Department of Agriculture,2010,130983.0
Department of Agriculture,2011,140677.0
Department of Agriculture,2012,151789.0
Department of Agriculture,2013,154924.0
Department of Agriculture,2014,157510.0
Department of Agriculture,2015,142471.0
Department of Agriculture,2016,168801.0
Department of Agriculture,2017,139269.0
Department of Agriculture,2018,132267.0
Department of Agriculture,2019,129792.0
Department of Agriculture,2020,129518.0
Department of Agriculture,2021,127657.0
Department of Agriculture,2022,126499.0
Department of Commerce,1976,1732.0
Department of Commerce,1977,7814.0
Department of Commerce,1978,1892.0
Department of Commerce,1979,2086.0
Department of Commerce,1980,2610.0
Department of Commerce,1981,2072.0
Department of Commerce,1982,1834.0
Department of Commerce,1983,1923.0
Department of Commerce,1984,2015.0
Department of Commerce,1985,2309.0
Department of Commerce,1986,1980.0
Department of Commerce,1987,2155.0
Department of Commerce,1988,2449.0
Department of Commerce,1989,2807.0
Department of Commerce,1990,3683.0
Department of Commerce,1991,2648.0
Department of Commerce,1992,3022.0
Department of Commerce,1993,3159.0
Department of Commerce,1994,3811.0
Department of Commerce,1995,4025.0
Department of Commerce,1996,3612.0
Department of Commerce,1997,3758.0
Department of Commerce,1998,4100.0
Department of Commerce,1999,5431.0
Department of Commerce,2000,8733.0
Department of Commerce,2001,5167.0
Department of Commerce,2002,5545.0
Department of Commerce,2003,5800.0
Department of Commerce,2004,5877.0
Department of Commerce,2005,6476.0
Department of Commerce,2006,6638.0
Department of Commerce,2007,7766.0
Department of Commerce,2008,9585.0
Department of Commerce,2009,25713.0
Department of Commerce,2010,13679.0
Department of Commerce,2011,5704.0
Department of Commerce,2012,7978.0
Department of Commerce,2013,7959.0
Department of Commerce,2014,10113.0
Department of Commerce,2015,13817.0
Department of Commerce,2016,10351.0
Department of Commerce,2017,9490.0
Department of Commerce,2018,8029.0
Department of Commerce,2019,10150.0
Department of Commerce,2020,13568.0
Department of Commerce,2021,8156.0
Department of Commerce,2022,7744.0
Department of Defense--Military Programs,1976,95503.0
Department of Defense--Military Programs,1977,107906.0
Department of Defense--Military Programs,1978,114531.0
Department of Defense--Military Programs,1979,123595.0
Department of Defense--Military Programs,1980,140651.0
Department of Defense--Military Programs,1981,176100.0
Department of Defense--Military Programs,1982,211486.0
Department of Defense--Military Programs,1983,238834.0
Department of Defense--Military Programs,1984,258108.0
Department of Defense--Military Programs,1985,286789.0
Department of Defense--Military Programs,1986,281398.0
Department of Defense--Military Programs,1987,279417.0
Department of Defense--Military Programs,1988,283710.0
Department of Defense--Military Programs,1989,290785.0
Department of Defense--Military Programs,1990,292936.0
Department of Defense--Military Programs,1991,275676.0
Department of Defense--Military Programs,1992,281827.0
Department of Defense--Military Programs,1993,267334.0
Department of Defense--Military Programs,1994,251294.0
Department of Defense--Military Programs,1995,255658.0
Department of Defense--Military Programs,1996,254525.0
Department of Defense--Military Programs,1997,257943.0
Department of Defense--Military Programs,1998,258250.0
Department of Defense--Military Programs,1999,278402.0
Department of Defense--Military Programs,2000,290307.0
Department of Defense--Military Programs,2001,318651.0
Department of Defense--Military Programs,2002,344878.0
Department of Defense--Military Programs,2003,439339.0
Department of Defense--Military Programs,2004,471796.0
Department of Defense--Military Programs,2005,483846.0
Department of Defense--Military Programs,2006,532926.0
Department of Defense--Military Programs,2007,602984.0
Department of Defense--Military Programs,2008,674694.0
Department of Defense--Military Programs,2009,667557.0
Department of Defense--Military Programs,2010,695646.0
Department of Defense--Military Programs,2011,691471.0
Department of Defense--Military Programs,2012,655397.0
Department of Defense--Military Programs,2013,585239.0
Department of Defense--Military Programs,2014,595723.0
Department of Defense--Military Programs,2015,570861.0
Department of Defense--Military Programs,2016,595715.0
Department of Defense--Military Programs,2017,626229.0
Department of Defense--Military Programs,2018,646977.0
Department of Defense--Military Programs,2019,594543.0
Department of Defense--Military Programs,2020,607132.0
Department of Defense--Military Programs,2021,619906.0
Department of Defense--Military Programs,2022,632617.0
Department of Education,1976,9314.0
Department of Education,1977,10568.0
Department of Education,1978,11625.0
Department of Education,1979,13996.0
Department of Education,1980,15209.0
Department of Education,1981,16752.0
Department of Education,1982,15374.0
Department of Education,1983,15267.0
Department of Education,1984,15336.0
Department of Education,1985,18952.0
Department of Education,1986,17750.0
Department of Education,1987,19475.0
Department of Education,1988,20098.0
Department of Education,1989,22819.0
Department of Education,1990,24549.0
Department of Education,1991,27360.0
Department of Education,1992,28685.0
Department of Education,1993,31324.0
Department of Education,1994,26881.0
Department of Education,1995,32245.0
Department of Education,1996,29097.0
Department of Education,1997,33519.0
Department of Education,1998,35298.0
Department of Education,1999,33643.0
Department of Education,2000,31816.0
Department of Education,2001,39734.0
Department of Education,2002,55838.0
Department of Education,2003,63001.0
Department of Education,2004,67161.0
Department of Education,2005,74476.0
Department of Education,2006,100019.0
Department of Education,2007,68265.0
Department of Education,2008,65399.0
Department of Education,2009,131891.0
Department of Education,2010,62911.0
Department of Education,2011,43628.0
Department of Education,2012,57458.0
Department of Education,2013,39495.0
Department of Education,2014,55200.0
Department of Education,2015,87258.0
Department of Education,2016,76977.0
Department of Education,2017,114800.0
Department of Education,2018,60971.0
Department of Education,2019,65952.0
Department of Education,2020,63758.0
Department of Education,2021,63818.0
Department of Education,2022,62320.0
Department of Energy,1976,4970.0
Department of Energy,1977,7021.0
Department of Energy,1978,10467.0
Department of Energy,1979,9805.0
Department of Energy,1980,10767.0
Department of Energy,1981,11241.0
Department of Energy,1982,12485.0
Department of Energy,1983,11892.0
Department of Energy,1984,10952.0
Department of Energy,1985,12617.0
Department of Energy,1986,10558.0
Department of Energy,1987,10124.0
Department of Energy,1988,11162.0
Department of Energy,1989,11696.0
Department of Energy,1990,13983.0
Department of Energy,1991,16102.0
Department of Energy,1992,17197.0
Department of Energy,1993,17712.0
Department of Energy,1994,17159.0
Department of Energy,1995,15019.0
Department of Energy,1996,14128.0
Department of Energy,1997,14073.0
Department of Energy,1998,14371.0
Department of Energy,1999,16353.0
Department of Energy,2000,15291.0
Department of Energy,2001,17666.0
Department of Energy,2002,18447.0
Department of Energy,2003,20552.0
Department of Energy,2004,21988.0
Department of Energy,2005,21093.0
Department of Energy,2006,21085.0
Department of Energy,2007,21686.0
Department of Energy,2008,22739.0
Department of Energy,2009,68557.0
Department of Energy,2010,23026.0
Department of Energy,2011,22648.0
Department of Energy,2012,22721.0
Department of Energy,2013,21221.0
Department of Energy,2014,22174.0
Department of Energy,2015,25393.0
Department of Energy,2016,27335.0
Department of Energy,2017,28013.0
Department of Energy,2018,20067.0
Department of Energy,2019,22728.0
Department of Energy,2020,25327.0
Department of Energy,2021,24882.0
Department of Energy,2022,24975.0
Department of Health and Human Services,1976,40368.0
Department of Health and Human Services,1977,47035.0
Department of Health and Human Services,1978,51891.0
Department of Health and Human Services,1979,59726.0
Department of Health and Human Services,1980,70002.0
Department of Health and Human Services,1981,80788.0
Department of Health and Human Services,1982,86307.0
Department of Health and Human Services,1983,91478.0
Department of Health and Human Services,1984,103715.0
Department of Health and Human Services,1985,113981.0
Department of Health and Human Services,1986,123589.0
Department of Health and Human Services,1987,133443.0
Department of Health and Human Services,1988,142396.0
Department of Health and Human Services,1989,155160.0
Department of Health and Human Services,1990,184673.0
Department of Health and Human Services,1991,201473.0
Department of Health and Human Services,1992,251439.0
Department of Health and Human Services,1993,257702.0
Department of Health and Human Services,1994,307700.0
Department of Health and Human Services,1995,301969.0
Department of Health and Human Services,1996,318434.0
Department of Health and Human Services,1997,353652.0
Department of Health and Human Services,1998,359307.0
Department of Health and Human Services,1999,364973.0
Department of Health and Human Services,2000,392122.0
Department of Health and Human Services,2001,434443.0
Department of Health and Human Services,2002,478236.0
Department of Health and Human Services,2003,515464.0
Department of Health and Human Services,2004,556305.0
Department of Health and Human Services,2005,591392.0
Department of Health and Human Services,2006,684554.0
Department of Health and Human Services,2007,658365.0
Department of Health and Human Services,2008,721693.0
Department of Health and Human Services,2009,851721.0
Department of Health and Human Services,2010,889608.0
Department of Health and Human Services,2011,889186.0
Department of Health and Human Services,2012,874458.0
Department of Health and Human Services,2013,873330.0
Department of Health and Human Services,2014,960955.0
Department of Health and Human Services,2015,1045165.0
Department of Health and Human Services,2016,1118986.0
Department of Health and Human Services,2017,1126687.0
Department of Health and Human Services,2018,1112443.0
Department of Health and Human Services,2019,1212309.0
Department of Health and Human Services,2020,1289034.0
Department of Health and Human Services,2021,1351437.0
Department of Health and Human Services,2022,1457442.0
Department of Homeland Security,1976,2423.0
Department of Homeland Security,1977,2881.0
Department of Homeland Security,1978,3314.0
Department of Homeland Security,1979,3969.0
Department of Homeland Security,1980,4424.0
Department of Homeland Security,1981,3971.0
Department of Homeland Security,1982,4563.0
Department of Homeland Security,1983,4981.0
Department of Homeland Security,1984,5231.0
Department of Homeland Security,1985,5056.0
Department of Homeland Security,1986,5139.0
Department of Homeland Security,1987,5927.0
Department of Homeland Security,1988,6152.0
Department of Homeland Security,1989,7110.0
Department of Homeland Security,1990,7292.0
Department of Homeland Security,1991,6574.0
Department of Homeland Security,1992,11158.0
Department of Homeland Security,1993,9091.0
Department of Homeland Security,1994,12476.0
Department of Homeland Security,1995,11442.0
Department of Homeland Security,1996,11667.0
Department of Homeland Security,1997,13189.0
Department of Homeland Security,1998,11243.0
Department of Homeland Security,1999,13042.0
Department of Homeland Security,2000,13840.0
Department of Homeland Security,2001,16400.0
Department of Homeland Security,2002,30570.0
Department of Homeland Security,2003,30844.0
Department of Homeland Security,2004,31650.0
Department of Homeland Security,2005,100689.0
Department of Homeland Security,2006,32285.0
Department of Homeland Security,2007,39702.0
Department of Homeland Security,2008,50624.0
Department of Homeland Security,2009,46001.0
Department of Homeland Security,2010,45423.0
Department of Homeland Security,2011,41648.0
Department of Homeland Security,2012,45911.0
Department of Homeland Security,2013,61873.0
Department of Homeland Security,2014,44146.0
Department of Homeland Security,2015,45269.0
Department of Homeland Security,2016,46021.0
Department of Homeland Security,2017,51026.0
Department of Homeland Security,2018,49386.0
Department of Homeland Security,2019,50886.0
Department of Homeland Security,2020,51982.0
Department of Homeland Security,2021,53303.0
Department of Homeland Security,2022,53702.0
Department of Housing and Urban Development,1976,29200.0
Department of Housing and Urban Development,1977,33818.0
Department of Housing and Urban Development,1978,37994.0
Department of Housing and Urban Development,1979,31142.0
Department of Housing and Urban Development,1980,35852.0
Department of Housing and Urban Development,1981,34220.0
Department of Housing and Urban Development,1982,20911.0
Department of Housing and Urban Development,1983,16561.0
Department of Housing and Urban Development,1984,18148.0
Department of Housing and Urban Development,1985,31398.0
Department of Housing and Urban Development,1986,15928.0
Department of Housing and Urban Development,1987,14657.0
Department of Housing and Urban Development,1988,14949.0
Department of Housing and Urban Development,1989,14347.0
Department of Housing and Urban Development,1990,17315.0
Department of Housing and Urban Development,1991,27634.0
Department of Housing and Urban Development,1992,24966.0
Department of Housing and Urban Development,1993,26468.0
Department of Housing and Urban Development,1994,26322.0
Department of Housing and Urban Development,1995,19800.0
Department of Housing and Urban Development,1996,20821.0
Department of Housing and Urban Development,1997,16091.0
Department of Housing and Urban Development,1998,20976.0
Department of Housing and Urban Development,1999,26303.0
Department of Housing and Urban Development,2000,24277.0
Department of Housing and Urban Development,2001,32296.0
Department of Housing and Urban Development,2002,34481.0
Department of Housing and Urban Development,2003,34371.0
Department of Housing and Urban Development,2004,35077.0
Department of Housing and Urban Development,2005,35029.0
Department of Housing and Urban Development,2006,52405.0
Department of Housing and Urban Development,2007,35364.0
Department of Housing and Urban Development,2008,50930.0
Department of Housing and Urban Development,2009,61810.0
Department of Housing and Urban Development,2010,45075.0
Department of Housing and Urban Development,2011,48528.0
Department of Housing and Urban Development,2012,40115.0
Department of Housing and Urban Development,2013,68969.0
Department of Housing and Urban Development,2014,42676.0
Department of Housing and Urban Development,2015,44115.0
Department of Housing and Urban Development,2016,48843.0
Department of Housing and Urban Development,2017,51544.0
Department of Housing and Urban Development,2018,39715.0
Department of Housing and Urban Development,2019,39739.0
Department of Housing and Urban Development,2020,39771.0
Department of Housing and Urban Development,2021,39793.0
Department of Housing and Urban Development,2022,39817.0
Department of the Interior,1976,2733.0
Department of the Interior,1977,3741.0
Department of the Interior,1978,4639.0
Department of the Interior,1979,4766.0
Department of the Interior,1980,4674.0
Department of the Interior,1981,4403.0
Department of the Interior,1982,3805.0
Department of the Interior,1983,4952.0
Department of the Interior,1984,4906.0
Department of the Interior,1985,4995.0
Department of the Interior,1986,4574.0
Department of the Interior,1987,5265.0
Department of the Interior,1988,5237.0
Department of the Interior,1989,5463.0
Department of the Interior,1990,6669.0
Department of the Interior,1991,6856.0
Department of the Interior,1992,7077.0
Department of the Interior,1993,6857.0
Department of the Interior,1994,7453.0
Department of the Interior,1995,7512.0
Department of the Interior,1996,7202.0
Department of the Interior,1997,7404.0
Department of the Interior,1998,8146.0
Department of the Interior,1999,8097.0
Department of the Interior,2000,8363.0
Department of the Interior,2001,9584.0
Department of the Interior,2002,10768.0
Department of the Interior,2003,10416.0
Department of the Interior,2004,10137.0
Department of the Interior,2005,10553.0
Department of the Interior,2006,9940.0
Department of the Interior,2007,10333.0
Department of the Interior,2008,10556.0
Department of the Interior,2009,14817.0
Department of the Interior,2010,12843.0
Department of the Interior,2011,12279.0
Department of the Interior,2012,11486.0
Department of the Interior,2013,11761.0
Department of the Interior,2014,11898.0
Department of the Interior,2015,12538.0
Department of the Interior,2016,13969.0
Department of the Interior,2017,13718.0
Department of the Interior,2018,12461.0
Department of the Interior,2019,12105.0
Department of the Interior,2020,12191.0
Department of the Interior,2021,12024.0
Department of the Interior,2022,11931.0
Department of Justice,1976,2066.0
Department of Justice,1977,2204.0
Department of Justice,1978,2212.0
Department of Justice,1979,2317.0
Department of Justice,1980,2261.0
Department of Justice,1981,2096.0
Department of Justice,1982,2310.0
Department of Justice,1983,2679.0
Department of Justice,1984,3096.0
Department of Justice,1985,3412.0
Department of Justice,1986,3446.0
Department of Justice,1987,4508.0
Department of Justice,1988,4818.0
Department of Justice,1989,5814.0
Department of Justice,1990,7891.0
Department of Justice,1991,8371.0
Department of Justice,1992,9326.0
Department of Justice,1993,9841.0
Department of Justice,1994,9519.0
Department of Justice,1995,11985.0
Department of Justice,1996,13964.0
Department of Justice,1997,15797.0
Department of Justice,1998,16597.0
Department of Justice,1999,17138.0
Department of Justice,2000,15751.0
Department of Justice,2001,19196.0
Department of Justice,2002,21381.0
Department of Justice,2003,22934.0
Department of Justice,2004,28092.0
Department of Justice,2005,21772.0
Department of Justice,2006,23052.0
Department of Justice,2007,24771.0
Department of Justice,2008,26354.0
Department of Justice,2009,32661.0
Department of Justice,2010,30171.0
Department of Justice,2011,29184.0
Department of Justice,2012,31412.0
Department of Justice,2013,28106.0
Department of Justice,2014,32753.0
Department of Justice,2015,29371.0
Department of Justice,2016,32114.0
Department of Justice,2017,39133.0
Department of Justice,2018,31642.0
Department of Justice,2019,31787.0
Department of Justice,2020,31893.0
Department of Justice,2021,32013.0
Department of Justice,2022,32120.0
Department of Labor,1976,22933.0
Department of Labor,1977,31194.0
Department of Labor,1978,16826.0
Department of Labor,1979,24715.0
Department of Labor,1980,29846.0
Department of Labor,1981,30999.0
Department of Labor,1982,32084.0
Department of Labor,1983,38286.0
Department of Labor,1984,32013.0
Department of Labor,1985,23873.0
Department of Labor,1986,24589.0
Department of Labor,1987,23958.0
Department of Labor,1988,23070.0
Department of Labor,1989,25859.0
Department of Labor,1990,27377.0
Department of Labor,1991,36235.0
Department of Labor,1992,48887.0
Department of Labor,1993,47692.0
Department of Labor,1994,39003.0
Department of Labor,1995,32924.0
Department of Labor,1996,34099.0
Department of Labor,1997,32860.0
Department of Labor,1998,33757.0
Department of Labor,1999,35763.0
Department of Labor,2000,31258.0
Department of Labor,2001,44437.0
Department of Labor,2002,65209.0
Department of Labor,2003,69074.0
Department of Labor,2004,56923.0
Department of Labor,2005,47155.0
Department of Labor,2006,45896.0
Department of Labor,2007,47624.0
Department of Labor,2008,57973.0
Department of Labor,2009,152821.0
Department of Labor,2010,179228.0
Department of Labor,2011,130168.0
Department of Labor,2012,105366.0
Department of Labor,2013,82267.0
Department of Labor,2014,55782.0
Department of Labor,2015,45953.0
Department of Labor,2016,46991.0
Department of Labor,2017,47340.0
Department of Labor,2018,45778.0
Department of Labor,2019,46822.0
Department of Labor,2020,50275.0
Department of Labor,2021,52114.0
Department of Labor,2022,54172.0
Department of State,1976,1251.0
Department of State,1977,1530.0
Department of State,1978,1798.0
Department of State,1979,2075.0
Department of State,1980,2411.0
Department of State,1981,2583.0
Department of State,1982,2774.0
Department of State,1983,2952.0
Department of State,1984,3193.0
Department of State,1985,3802.0
Department of State,1986,4311.0
Department of State,1987,4034.0
Department of State,1988,4160.0
Department of State,1989,4461.0
Department of State,1990,4728.0
Department of State,1991,5272.0
Department of State,1992,6171.0
Department of State,1993,6561.0
Department of State,1994,7050.0
Department of State,1995,6141.0
Department of State,1996,5852.0
Department of State,1997,5984.0
Department of State,1998,6074.0
Department of State,1999,8914.0
Department of State,2000,8113.0
Department of State,2001,8371.0
Department of State,2002,9859.0
Department of State,2003,10353.0
Department of State,2004,11951.0
Department of State,2005,14595.0
Department of State,2006,15438.0
Department of State,2007,17084.0
Department of State,2008,23124.0
Department of State,2009,27164.0
Department of State,2010,30285.0
Department of State,2011,26879.0
Department of State,2012,30122.0
Department of State,2013,29584.0
Department of State,2014,28586.0
Department of State,2015,29118.0
Department of State,2016,29828.0
Department of State,2017,31373.0
Department of State,2018,23454.0
Department of State,2019,17169.0
Department of State,2020,17187.0
Department of State,2021,17207.0
Department of State,2022,17227.0
Department of Transportation,1976,9977.0
Department of Transportation,1977,8456.0
Department of Transportation,1978,12611.0
Department of Transportation,1979,16370.0
Department of Transportation,1980,18245.0
Department of Transportation,1981,23486.0
Department of Transportation,1982,21214.0
Department of Transportation,1983,23855.0
Department of Transportation,1984,25821.0
Department of Transportation,1985,26234.0
Department of Transportation,1986,25775.0
Department of Transportation,1987,23535.0
Department of Transportation,1988,24639.0
Department of Transportation,1989,25483.0
Department of Transportation,1990,26971.0
Department of Transportation,1991,27545.0
Department of Transportation,1992,32761.0
Department of Transportation,1993,36399.0
Department of Transportation,1994,38662.0
Department of Transportation,1995,34382.0
Department of Transportation,1996,32012.0
Department of Transportation,1997,36382.0
Department of Transportation,1998,40412.0
Department of Transportation,1999,46207.0
Department of Transportation,2000,49965.0
Department of Transportation,2001,61570.0
Department of Transportation,2002,60336.0
Department of Transportation,2003,54415.0
Department of Transportation,2004,60854.0
Department of Transportation,2005,64543.0
Department of Transportation,2006,64444.0
Department of Transportation,2007,65994.0
Department of Transportation,2008,67974.0
Department of Transportation,2009,112344.0
Department of Transportation,2010,84342.0
Department of Transportation,2011,70512.0
Department of Transportation,2012,70114.0
Department of Transportation,2013,82816.0
Department of Transportation,2014,71311.0
Department of Transportation,2015,71898.0
Department of Transportation,2016,75727.0
Department of Transportation,2017,77456.0
Department of Transportation,2018,75715.0
Department of Transportation,2019,77108.0
Department of Transportation,2020,70892.0
Department of Transportation,2021,67931.0
Department of Transportation,2022,67935.0
Department of the Treasury,1976,45880.0
Department of the Treasury,1977,49491.0
Department of the Treasury,1978,56370.0
Department of the Treasury,1979,63622.0
Department of the Treasury,1980,89463.0
Department of the Treasury,1981,91193.0
Department of the Treasury,1982,110329.0
Department of the Treasury,1983,116212.0
Department of the Treasury,1984,140445.0
Department of the Treasury,1985,164826.0
Department of the Treasury,1986,178401.0
Department of the Treasury,1987,180053.0
Department of the Treasury,1988,202112.0
Department of the Treasury,1989,228870.0
Department of the Treasury,1990,257597.0
Department of the Treasury,1991,276501.0
Department of the Treasury,1992,293647.0
Department of the Treasury,1993,298457.0
Department of the Treasury,1994,307256.0
Department of the Treasury,1995,351708.0
Department of the Treasury,1996,363815.0
Department of the Treasury,1997,377894.0
Department of the Treasury,1998,391348.0
Department of the Treasury,1999,386880.0
Department of the Treasury,2000,391649.0
Department of the Treasury,2001,389999.0
Department of the Treasury,2002,371204.0
Department of the Treasury,2003,369139.0
Department of the Treasury,2004,376958.0
Department of the Treasury,2005,411697.0
Department of the Treasury,2006,466551.0
Department of the Treasury,2007,492728.0
Department of the Treasury,2008,751174.0
Department of the Treasury,2009,896975.0
Department of the Treasury,2010,392169.0
Department of the Treasury,2011,494153.0
Department of the Treasury,2012,442633.0
Department of the Treasury,2013,440900.0
Department of the Treasury,2014,442972.0
Department of the Treasury,2015,485987.0
Department of the Treasury,2016,519865.0
Department of the Treasury,2017,562976.0
Department of the Treasury,2018,600874.0
Department of the Treasury,2019,663266.0
Department of the Treasury,2020,727169.0
Department of the Treasury,2021,790906.0
Department of the Treasury,2022,846302.0
Department of Veterans Affairs,1976,19653.0
Department of Veterans Affairs,1977,19043.0
Department of Veterans Affairs,1978,19013.0
Department of Veterans Affairs,1979,20471.0
Department of Veterans Affairs,1980,21177.0
Department of Veterans Affairs,1981,23136.0
Department of Veterans Affairs,1982,24948.0
Department of Veterans Affairs,1983,25324.0
Department of Veterans Affairs,1984,26464.0
Department of Veterans Affairs,1985,27288.0
Department of Veterans Affairs,1986,27062.0
Department of Veterans Affairs,1987,27343.0
Department of Veterans Affairs,1988,29414.0
Department of Veterans Affairs,1989,29866.0
Department of Veterans Affairs,1990,30438.0
Department of Veterans Affairs,1991,33129.0
Department of Veterans Affairs,1992,33907.0
Department of Veterans Affairs,1993,35993.0
Department of Veterans Affairs,1994,36804.0
Department of Veterans Affairs,1995,38028.0
Department of Veterans Affairs,1996,38690.0
Department of Veterans Affairs,1997,39877.0
Department of Veterans Affairs,1998,42717.0
Department of Veterans Affairs,1999,44070.0
Department of Veterans Affairs,2000,45462.0
Department of Veterans Affairs,2001,47410.0
Department of Veterans Affairs,2002,51894.0
Department of Veterans Affairs,2003,58964.0
Department of Veterans Affairs,2004,60279.0
Department of Veterans Affairs,2005,68889.0
Department of Veterans Affairs,2006,70937.0
Department of Veterans Affairs,2007,79547.0
Department of Veterans Affairs,2008,88401.0
Department of Veterans Affairs,2009,96929.0
Department of Veterans Affairs,2010,124305.0
Department of Veterans Affairs,2011,122798.0
Department of Veterans Affairs,2012,124030.0
Department of Veterans Affairs,2013,135984.0
Department of Veterans Affairs,2014,165657.0
Department of Veterans Affairs,2015,160466.0
Department of Veterans Affairs,2016,163330.0
Department of Veterans Affairs,2017,176630.0
Department of Veterans Affairs,2018,183108.0
Department of Veterans Affairs,2019,191599.0
Department of Veterans Affairs,2020,204063.0
Department of Veterans Affairs,2021,211592.0
Department of Veterans Affairs,2022,219311.0
Corps of Engineers--Civil Works,1976,2177.0
Corps of Engineers--Civil Works,1977,2479.0
Corps of Engineers--Civil Works,1978,2781.0
Corps of Engineers--Civil Works,1979,2780.0
Corps of Engineers--Civil Works,1980,3247.0
Corps of Engineers--Civil Works,1981,3089.0
Corps of Engineers--Civil Works,1982,2988.0
Corps of Engineers--Civil Works,1983,3406.0
Corps of Engineers--Civil Works,1984,2674.0
Corps of Engineers--Civil Works,1985,2883.0
Corps of Engineers--Civil Works,1986,2722.0
Corps of Engineers--Civil Works,1987,3121.0
Corps of Engineers--Civil Works,1988,3226.0
Corps of Engineers--Civil Works,1989,3215.0
Corps of Engineers--Civil Works,1990,3165.0
Corps of Engineers--Civil Works,1991,3281.0
Corps of Engineers--Civil Works,1992,3667.0
Corps of Engineers--Civil Works,1993,3852.0
Corps of Engineers--Civil Works,1994,3925.0
Corps of Engineers--Civil Works,1995,3344.0
Corps of Engineers--Civil Works,1996,3336.0
Corps of Engineers--Civil Works,1997,4157.0
Corps of Engineers--Civil Works,1998,4145.0
Corps of Engineers--Civil Works,1999,3797.0
Corps of Engineers--Civil Works,2000,4028.0
Corps of Engineers--Civil Works,2001,4619.0
Corps of Engineers--Civil Works,2002,4730.0
Corps of Engineers--Civil Works,2003,4771.0
Corps of Engineers--Civil Works,2004,4554.0
Corps of Engineers--Civil Works,2005,5494.0
Corps of Engineers--Civil Works,2006,11944.0
Corps of Engineers--Civil Works,2007,7046.0
Corps of Engineers--Civil Works,2008,9093.0
Corps of Engineers--Civil Works,2009,16587.0
Corps of Engineers--Civil Works,2010,5665.0
Corps of Engineers--Civil Works,2011,4854.0
Corps of Engineers--Civil Works,2012,6763.0
Corps of Engineers--Civil Works,2013,9716.0
Corps of Engineers--Civil Works,2014,5612.0
Corps of Engineers--Civil Works,2015,5477.0
Corps of Engineers--Civil Works,2016,6042.0
Corps of Engineers--Civil Works,2017,6907.0
Corps of Engineers--Civil Works,2018,4906.0
Corps of Engineers--Civil Works,2019,4908.0
Corps of Engineers--Civil Works,2020,4792.0
Corps of Engineers--Civil Works,2021,4915.0
Corps of Engineers--Civil Works,2022,4918.0
Other Defense Civil Programs,1976,7390.0
Other Defense Civil Programs,1977,8273.0
Other Defense Civil Programs,1978,9213.0
Other Defense Civil Programs,1979,10319.0
Other Defense Civil Programs,1980,12020.0
Other Defense Civil Programs,1981,13898.0
Other Defense Civil Programs,1982,15043.0
Other Defense Civil Programs,1983,16218.0
Other Defense Civil Programs,1984,16587.0
Other Defense Civil Programs,1985,17270.0
Other Defense Civil Programs,1986,17519.0
Other Defense Civil Programs,1987,18034.0
Other Defense Civil Programs,1988,19121.0
Other Defense Civil Programs,1989,20354.0
Other Defense Civil Programs,1990,21802.0
Other Defense Civil Programs,1991,23399.0
Other Defense Civil Programs,1992,24795.0
Other Defense Civil Programs,1993,26079.0
Other Defense Civil Programs,1994,27050.0
Other Defense Civil Programs,1995,28072.0
Other Defense Civil Programs,1996,29094.0
Other Defense Civil Programs,1997,30346.0
Other Defense Civil Programs,1998,31321.0
Other Defense Civil Programs,1999,32079.0
Other Defense Civil Programs,2000,32924.0
Other Defense Civil Programs,2001,34339.0
Other Defense Civil Programs,2002,35383.0
Other Defense Civil Programs,2003,39941.0
Other Defense Civil Programs,2004,41846.0
Other Defense Civil Programs,2005,43716.0
Other Defense Civil Programs,2006,44672.0
Other Defense Civil Programs,2007,47187.0
Other Defense Civil Programs,2008,45430.0
Other Defense Civil Programs,2009,57482.0
Other Defense Civil Programs,2010,54786.0
Other Defense Civil Programs,2011,51073.0
Other Defense Civil Programs,2012,81067.0
Other Defense Civil Programs,2013,57553.0
Other Defense Civil Programs,2014,57514.0
Other Defense Civil Programs,2015,62584.0
Other Defense Civil Programs,2016,60139.0
Other Defense Civil Programs,2017,57572.0
Other Defense Civil Programs,2018,61060.0
Other Defense Civil Programs,2019,63533.0
Other Defense Civil Programs,2020,64809.0
Other Defense Civil Programs,2021,66753.0
Other Defense Civil Programs,2022,69149.0
Environmental Protection Agency,1976,772.0
Environmental Protection Agency,1977,2764.0
Environmental Protection Agency,1978,5499.0
Environmental Protection Agency,1979,5403.0
Environmental Protection Agency,1980,4669.0
Environmental Protection Agency,1981,3026.0
Environmental Protection Agency,1982,3674.0
Environmental Protection Agency,1983,3688.0
Environmental Protection Agency,1984,4064.0
Environmental Protection Agency,1985,4346.0
Environmental Protection Agency,1986,3446.0
Environmental Protection Agency,1987,5344.0
Environmental Protection Agency,1988,4968.0
Environmental Protection Agency,1989,5081.0
Environmental Protection Agency,1990,5380.0
Environmental Protection Agency,1991,6004.0
Environmental Protection Agency,1992,6461.0
Environmental Protection Agency,1993,6737.0
Environmental Protection Agency,1994,6436.0
Environmental Protection Agency,1995,5710.0
Environmental Protection Agency,1996,6268.0
Environmental Protection Agency,1997,6478.0
Environmental Protection Agency,1998,7022.0
Environmental Protection Agency,1999,7243.0
Environmental Protection Agency,2000,7313.0
Environmental Protection Agency,2001,7601.0
Environmental Protection Agency,2002,7841.0
Environmental Protection Agency,2003,7925.0
Environmental Protection Agency,2004,8390.0
Environmental Protection Agency,2005,7959.0
Environmental Protection Agency,2006,7583.0
Environmental Protection Agency,2007,7533.0
Environmental Protection Agency,2008,7393.0
Environmental Protection Agency,2009,14754.0
Environmental Protection Agency,2010,10165.0
Environmental Protection Agency,2011,8565.0
Environmental Protection Agency,2012,10785.0
Environmental Protection Agency,2013,8413.0
Environmental Protection Agency,2014,9124.0
Environmental Protection Agency,2015,7846.0
Environmental Protection Agency,2016,8208.0
Environmental Protection Agency,2017,8233.0
Environmental Protection Agency,2018,5659.0
Environmental Protection Agency,2019,5927.0
Environmental Protection Agency,2020,5926.0
Environmental Protection Agency,2021,5930.0
Environmental Protection Agency,2022,5935.0
Executive Office of the President,1976,70.0
Executive Office of the President,1977,79.0
Executive Office of the President,1978,79.0
Executive Office of the President,1979,83.0
Executive Office of the President,1980,102.0
Executive Office of the President,1981,104.0
Executive Office of the President,1982,94.0
Executive Office of the President,1983,102.0
Executive Office of the President,1984,110.0
Executive Office of the President,1985,117.0
Executive Office of the President,1986,109.0
Executive Office of the President,1987,119.0
Executive Office of the President,1988,126.0
Executive Office of the President,1989,131.0
Executive Office of the President,1990,179.0
Executive Office of the President,1991,185.0
Executive Office of the President,1992,202.0
Executive Office of the President,1993,237.0
Executive Office of the President,1994,237.0
Executive Office of the President,1995,184.0
Executive Office of the President,1996,204.0
Executive Office of the President,1997,217.0
Executive Office of the President,1998,246.0
Executive Office of the President,1999,428.0
Executive Office of the President,2000,272.0
Executive Office of the President,2001,3826.0
Executive Office of the President,2002,330.0
Executive Office of the President,2003,2568.0
Executive Office of the President,2004,18804.0
Executive Office of the President,2005,369.0
Executive Office of the President,2006,341.0
Executive Office of the President,2007,390.0
Executive Office of the President,2008,289.0
Executive Office of the President,2009,374.0
Executive Office of the President,2010,432.0
Executive Office of the President,2011,385.0
Executive Office of the President,2012,384.0
Executive Office of the President,2013,365.0
Executive Office of the President,2014,378.0
Executive Office of the President,2015,3508.0
Executive Office of the President,2016,396.0
Executive Office of the President,2017,425.0
Executive Office of the President,2018,406.0
Executive Office of the President,2019,406.0
Executive Office of the President,2020,406.0
Executive Office of the President,2021,406.0
Executive Office of the President,2022,406.0
General Services Administration,1976,251.0
General Services Administration,1977,312.0
General Services Administration,1978,137.0
General Services Administration,1979,333.0
General Services Administration,1980,716.0
General Services Administration,1981,1121.0
General Services Administration,1982,623.0
General Services Administration,1983,812.0
General Services Administration,1984,641.0
General Services Administration,1985,738.0
General Services Administration,1986,779.0
General Services Administration,1987,579.0
General Services Administration,1988,244.0
General Services Administration,1989,33.0
General Services Administration,1990,2871.0
General Services Administration,1991,1902.0
General Services Administration,1992,304.0
General Services Administration,1993,537.0
General Services Administration,1994,546.0
General Services Administration,1995,81.0
General Services Administration,1996,77.0
General Services Administration,1997,374.0
General Services Administration,1998,1.0
General Services Administration,1999,233.0
General Services Administration,2000,-304.0
General Services Administration,2001,161.0
General Services Administration,2002,237.0
General Services Administration,2003,1348.0
General Services Administration,2004,21.0
General Services Administration,2005,297.0
General Services Administration,2006,722.0
General Services Administration,2007,89.0
General Services Administration,2008,340.0
General Services Administration,2009,6290.0
General Services Administration,2010,261.0
General Services Administration,2011,-1009.0
General Services Administration,2012,-977.0
General Services Administration,2013,-1255.0
General Services Administration,2014,1932.0
General Services Administration,2015,-481.0
General Services Administration,2016,555.0
General Services Administration,2017,200.0
General Services Administration,2018,465.0
General Services Administration,2019,465.0
General Services Administration,2020,466.0
General Services Administration,2021,464.0
General Services Administration,2022,464.0
International Assistance Programs,1976,10907.0
International Assistance Programs,1977,5334.0
International Assistance Programs,1978,8737.0
International Assistance Programs,1979,7272.0
International Assistance Programs,1980,12678.0
International Assistance Programs,1981,16514.0
International Assistance Programs,1982,11031.0
International Assistance Programs,1983,6589.0
International Assistance Programs,1984,18945.0
International Assistance Programs,1985,20362.0
International Assistance Programs,1986,10707.0
International Assistance Programs,1987,13002.0
International Assistance Programs,1988,11655.0
International Assistance Programs,1989,10951.0
International Assistance Programs,1990,12408.0
International Assistance Programs,1991,15727.0
International Assistance Programs,1992,13436.0
International Assistance Programs,1993,24658.0
International Assistance Programs,1994,9543.0
International Assistance Programs,1995,14906.0
International Assistance Programs,1996,10178.0
International Assistance Programs,1997,8412.0
International Assistance Programs,1998,7056.0
International Assistance Programs,1999,27437.0
International Assistance Programs,2000,14057.0
International Assistance Programs,2001,11399.0
International Assistance Programs,2002,14438.0
International Assistance Programs,2003,18457.0
International Assistance Programs,2004,15603.0
International Assistance Programs,2005,18249.0
International Assistance Programs,2006,18695.0
International Assistance Programs,2007,51359.0
International Assistance Programs,2008,24008.0
International Assistance Programs,2009,34651.0
International Assistance Programs,2010,28127.0
International Assistance Programs,2011,25564.0
International Assistance Programs,2012,63185.0
International Assistance Programs,2013,10775.0
International Assistance Programs,2014,27987.0
International Assistance Programs,2015,32730.0
International Assistance Programs,2016,20768.0
International Assistance Programs,2017,23045.0
International Assistance Programs,2018,19265.0
International Assistance Programs,2019,3644.0
International Assistance Programs,2020,6120.0
International Assistance Programs,2021,8181.0
International Assistance Programs,2022,9859.0
National Aeronautics and Space Administration,1976,3552.0
National Aeronautics and Space Administration,1977,3876.0
National Aeronautics and Space Administration,1978,4244.0
National Aeronautics and Space Administration,1979,4743.0
National Aeronautics and Space Administration,1980,5350.0
National Aeronautics and Space Administration,1981,5634.0
National Aeronautics and Space Administration,1982,6200.0
National Aeronautics and Space Administration,1983,7065.0
National Aeronautics and Space Administration,1984,7458.0
National Aeronautics and Space Administration,1985,7573.0
National Aeronautics and Space Administration,1986,7807.0
National Aeronautics and Space Administration,1987,10923.0
National Aeronautics and Space Administration,1988,9061.0
National Aeronautics and Space Administration,1989,10969.0
National Aeronautics and Space Administration,1990,12324.0
National Aeronautics and Space Administration,1991,14016.0
National Aeronautics and Space Administration,1992,14317.0
National Aeronautics and Space Administration,1993,14310.0
National Aeronautics and Space Administration,1994,14570.0
National Aeronautics and Space Administration,1995,13854.0
National Aeronautics and Space Administration,1996,13886.0
National Aeronautics and Space Administration,1997,13711.0
National Aeronautics and Space Administration,1998,13637.0
National Aeronautics and Space Administration,1999,13627.0
National Aeronautics and Space Administration,2000,13588.0
National Aeronautics and Space Administration,2001,14254.0
National Aeronautics and Space Administration,2002,14868.0
National Aeronautics and Space Administration,2003,15449.0
National Aeronautics and Space Administration,2004,15342.0
National Aeronautics and Space Administration,2005,16187.0
National Aeronautics and Space Administration,2006,16570.0
National Aeronautics and Space Administration,2007,16275.0
National Aeronautics and Space Administration,2008,17209.0
National Aeronautics and Space Administration,2009,18777.0
National Aeronautics and Space Administration,2010,18719.0
National Aeronautics and Space Administration,2011,18432.0
National Aeronautics and Space Administration,2012,17773.0
National Aeronautics and Space Administration,2013,16868.0
National Aeronautics and Space Administration,2014,17644.0
National Aeronautics and Space Administration,2015,18009.0
National Aeronautics and Space Administration,2016,19280.0
National Aeronautics and Space Administration,2017,19309.0
National Aeronautics and Space Administration,2018,19078.0
National Aeronautics and Space Administration,2019,19078.0
National Aeronautics and Space Administration,2020,19078.0
National Aeronautics and Space Administration,2021,19078.0
National Aeronautics and Space Administration,2022,19078.0
National Science Foundation,1976,717.0
National Science Foundation,1977,783.0
National Science Foundation,1978,868.0
National Science Foundation,1979,914.0
National Science Foundation,1980,991.0
National Science Foundation,1981,1031.0
National Science Foundation,1982,1006.0
National Science Foundation,1983,1104.0
National Science Foundation,1984,1323.0
National Science Foundation,1985,1502.0
National Science Foundation,1986,1458.0
National Science Foundation,1987,1623.0
National Science Foundation,1988,1717.0
National Science Foundation,1989,1922.0
National Science Foundation,1990,2084.0
National Science Foundation,1991,2316.0
National Science Foundation,1992,2573.0
National Science Foundation,1993,2734.0
National Science Foundation,1994,3018.0
National Science Foundation,1995,3227.0
National Science Foundation,1996,3219.0
National Science Foundation,1997,3271.0
National Science Foundation,1998,3431.0
National Science Foundation,1999,3702.0
National Science Foundation,2000,3961.0
National Science Foundation,2001,4519.0
National Science Foundation,2002,4884.0
National Science Foundation,2003,5384.0
National Science Foundation,2004,5589.0
National Science Foundation,2005,5565.0
National Science Foundation,2006,5690.0
National Science Foundation,2007,6028.0
National Science Foundation,2008,6197.0
National Science Foundation,2009,9579.0
National Science Foundation,2010,6963.0
National Science Foundation,2011,6910.0
National Science Foundation,2012,7159.0
National Science Foundation,2013,6997.0
National Science Foundation,2014,7296.0
National Science Foundation,2015,7485.0
National Science Foundation,2016,7597.0
National Science Foundation,2017,7546.0
National Science Foundation,2018,6758.0
National Science Foundation,2019,6752.0
National Science Foundation,2020,6754.0
National Science Foundation,2021,6756.0
National Science Foundation,2022,6757.0
Office of Personnel Management,1976,8870.0
Office of Personnel Management,1977,10255.0
Office of Personnel Management,1978,11631.0
Office of Personnel Management,1979,13314.0
Office of Personnel Management,1980,15711.0
Office of Personnel Management,1981,18595.0
Office of Personnel Management,1982,20810.0
Office of Personnel Management,1983,22302.0
Office of Personnel Management,1984,23530.0
Office of Personnel Management,1985,24616.0
Office of Personnel Management,1986,26294.0
Office of Personnel Management,1987,27299.0
Office of Personnel Management,1988,30164.0
Office of Personnel Management,1989,32163.0
Office of Personnel Management,1990,35224.0
Office of Personnel Management,1991,36782.0
Office of Personnel Management,1992,35765.0
Office of Personnel Management,1993,39345.0
Office of Personnel Management,1994,40380.0
Office of Personnel Management,1995,42923.0
Office of Personnel Management,1996,43814.0
Office of Personnel Management,1997,44847.0
Office of Personnel Management,1998,47352.0
Office of Personnel Management,1999,48710.0
Office of Personnel Management,2000,50463.0
Office of Personnel Management,2001,53144.0
Office of Personnel Management,2002,55306.0
Office of Personnel Management,2003,57316.0
Office of Personnel Management,2004,59932.0
Office of Personnel Management,2005,63076.0
Office of Personnel Management,2006,66756.0
Office of Personnel Management,2007,61633.0
Office of Personnel Management,2008,65951.0
Office of Personnel Management,2009,74439.0
Office of Personnel Management,2010,72434.0
Office of Personnel Management,2011,79435.0
Office of Personnel Management,2012,83630.0
Office of Personnel Management,2013,86973.0
Office of Personnel Management,2014,89745.0
Office of Personnel Management,2015,92356.0
Office of Personnel Management,2016,93745.0
Office of Personnel Management,2017,95659.0
Office of Personnel Management,2018,99481.0
Office of Personnel Management,2019,103909.0
Office of Personnel Management,2020,107323.0
Office of Personnel Management,2021,110605.0
Office of Personnel Management,2022,113839.0
Small Business Administration,1976,621.0
Small Business Administration,1977,1068.0
Small Business Administration,1978,3555.0
Small Business Administration,1979,2081.0
Small Business Administration,1980,2145.0
Small Business Administration,1981,1355.0
Small Business Administration,1982,748.0
Small Business Administration,1983,1278.0
Small Business Administration,1984,971.0
Small Business Administration,1985,1254.0
Small Business Administration,1986,714.0
Small Business Administration,1987,604.0
Small Business Administration,1988,418.0
Small Business Administration,1989,421.0
Small Business Administration,1990,928.0
Small Business Administration,1991,464.0
Small Business Administration,1992,1891.0
Small Business Administration,1993,1177.0
Small Business Administration,1994,2058.0
Small Business Administration,1995,792.0
Small Business Administration,1996,1089.0
Small Business Administration,1997,838.0
Small Business Administration,1998,243.0
Small Business Administration,1999,342.0
Small Business Administration,2000,100.0
Small Business Administration,2001,-68.0
Small Business Administration,2002,604.0
Small Business Administration,2003,1625.0
Small Business Administration,2004,4222.0
Small Business Administration,2005,3345.0
Small Business Administration,2006,1755.0
Small Business Administration,2007,528.0
Small Business Administration,2008,1317.0
Small Business Administration,2009,2564.0
Small Business Administration,2010,6472.0
Small Business Administration,2011,5454.0
Small Business Administration,2012,2724.0
Small Business Administration,2013,952.0
Small Business Administration,2014,139.0
Small Business Administration,2015,-734.0
Small Business Administration,2016,-512.0
Small Business Administration,2017,317.0
Small Business Administration,2018,826.0
Small Business Administration,2019,831.0
Small Business Administration,2020,831.0
Small Business Administration,2021,831.0
Small Business Administration,2022,831.0
Social Security Administration (On-Budget),1976,6044.0
Social Security Administration (On-Budget),1977,6612.0
Social Security Administration (On-Budget),1978,5991.0
Social Security Administration (On-Budget),1979,6266.0
Social Security Administration (On-Budget),1980,7144.0
Social Security Administration (On-Budget),1981,7899.0
Social Security Administration (On-Budget),1982,8613.0
Social Security Administration (On-Budget),1983,30451.0
Social Security Administration (On-Budget),1984,17831.0
Social Security Administration (On-Budget),1985,19968.0
Social Security Administration (On-Budget),1986,15931.0
Social Security Administration (On-Budget),1987,16412.0
Social Security Administration (On-Budget),1988,18330.0
Social Security Administration (On-Budget),1989,18628.0
Social Security Administration (On-Budget),1990,17425.0
Social Security Administration (On-Budget),1991,20576.0
Social Security Administration (On-Budget),1992,23986.0
Social Security Administration (On-Budget),1993,28081.0
Social Security Administration (On-Budget),1994,32376.0
Social Security Administration (On-Budget),1995,32551.0
Social Security Administration (On-Budget),1996,30349.0
Social Security Administration (On-Budget),1997,34413.0
Social Security Administration (On-Budget),1998,36022.0
Social Security Administration (On-Budget),1999,39797.0
Social Security Administration (On-Budget),2000,45112.0
Social Security Administration (On-Budget),2001,43259.0
Social Security Administration (On-Budget),2002,43913.0
Social Security Administration (On-Budget),2003,46157.0
Social Security Administration (On-Budget),2004,49939.0
Social Security Administration (On-Budget),2005,54777.0
Social Security Administration (On-Budget),2006,53360.0
Social Security Administration (On-Budget),2007,56663.0
Social Security Administration (On-Budget),2008,58500.0
Social Security Administration (On-Budget),2009,78406.0
Social Security Administration (On-Budget),2010,70198.0
Social Security Administration (On-Budget),2011,154714.0
Social Security Administration (On-Budget),2012,188759.0
Social Security Administration (On-Budget),2013,109001.0
Social Security Administration (On-Budget),2014,83745.0
Social Security Administration (On-Budget),2015,89340.0
Social Security Administration (On-Budget),2016,95342.0
Social Security Administration (On-Budget),2017,93010.0
Social Security Administration (On-Budget),2018,91289.0
Social Security Administration (On-Budget),2019,104031.0
Social Security Administration (On-Budget),2020,109706.0
Social Security Administration (On-Budget),2021,115861.0
Social Security Administration (On-Budget),2022,126744.0
Social Security Administration (Off-Budget),1976,74019.0
Social Security Administration (Off-Budget),1977,84909.0
Social Security Administration (Off-Budget),1978,93712.0
Social Security Administration (Off-Budget),1979,104233.0
Social Security Administration (Off-Budget),1980,119278.0
Social Security Administration (Off-Budget),1981,140404.0
Social Security Administration (Off-Budget),1982,156238.0
Social Security Administration (Off-Budget),1983,150984.0
Social Security Administration (Off-Budget),1984,171710.0
Social Security Administration (Off-Budget),1985,184648.0
Social Security Administration (Off-Budget),1986,191782.0
Social Security Administration (Off-Budget),1987,203461.0
Social Security Administration (Off-Budget),1988,216285.0
Social Security Administration (Off-Budget),1989,228432.0
Social Security Administration (Off-Budget),1990,246875.0
Social Security Administration (Off-Budget),1991,268531.0
Social Security Administration (Off-Budget),1992,283365.0
Social Security Administration (Off-Budget),1993,300089.0
Social Security Administration (Off-Budget),1994,315450.0
Social Security Administration (Off-Budget),1995,327808.0
Social Security Administration (Off-Budget),1996,346315.0
Social Security Administration (Off-Budget),1997,359155.0
Social Security Administration (Off-Budget),1998,371321.0
Social Security Administration (Off-Budget),1999,380267.0
Social Security Administration (Off-Budget),2000,398770.0
Social Security Administration (Off-Budget),2001,428670.0
Social Security Administration (Off-Budget),2002,447951.0
Social Security Administration (Off-Budget),2003,463279.0
Social Security Administration (Off-Budget),2004,481699.0
Social Security Administration (Off-Budget),2005,515130.0
Social Security Administration (Off-Budget),2006,536159.0
Social Security Administration (Off-Budget),2007,569627.0
Social Security Administration (Off-Budget),2008,601826.0
Social Security Administration (Off-Budget),2009,654799.0
Social Security Administration (Off-Budget),2010,683908.0
Social Security Administration (Off-Budget),2011,629821.0
Social Security Administration (Off-Budget),2012,637241.0
Social Security Administration (Off-Budget),2013,760588.0
Social Security Administration (Off-Budget),2014,828419.0
Social Security Administration (Off-Budget),2015,861067.0
Social Security Administration (Off-Budget),2016,887610.0
Social Security Administration (Off-Budget),2017,917670.0
Social Security Administration (Off-Budget),2018,974849.0
Social Security Administration (Off-Budget),2019,1035504.0
Social Security Administration (Off-Budget),2020,1099003.0
Social Security Administration (Off-Budget),2021,1162456.0
Social Security Administration (Off-Budget),2022,1232366.0
Other Independent Agencies (On-Budget),1976,17692.0
Other Independent Agencies (On-Budget),1977,8692.0
Other Independent Agencies (On-Budget),1978,8981.0
Other Independent Agencies (On-Budget),1979,10957.0
Other Independent Agencies (On-Budget),1980,28922.0
Other Independent Agencies (On-Budget),1981,17122.0
Other Independent Agencies (On-Budget),1982,11647.0
Other Independent Agencies (On-Budget),1983,9183.0
Other Independent Agencies (On-Budget),1984,10100.0
Other Independent Agencies (On-Budget),1985,10091.0
Other Independent Agencies (On-Budget),1986,11495.0
Other Independent Agencies (On-Budget),1987,12993.0
Other Independent Agencies (On-Budget),1988,20873.0
Other Independent Agencies (On-Budget),1989,61160.0
Other Independent Agencies (On-Budget),1990,56032.0
Other Independent Agencies (On-Budget),1991,83643.0
Other Independent Agencies (On-Budget),1992,50221.0
Other Independent Agencies (On-Budget),1993,16415.0
Other Independent Agencies (On-Budget),1994,32061.0
Other Independent Agencies (On-Budget),1995,14324.0
Other Independent Agencies (On-Budget),1996,12500.0
Other Independent Agencies (On-Budget),1997,12726.0
Other Independent Agencies (On-Budget),1998,18130.0
Other Independent Agencies (On-Budget),1999,12901.0
Other Independent Agencies (On-Budget),2000,14917.0
Other Independent Agencies (On-Budget),2001,14595.0
Other Independent Agencies (On-Budget),2002,18724.0
Other Independent Agencies (On-Budget),2003,14486.0
Other Independent Agencies (On-Budget),2004,15241.0
Other Independent Agencies (On-Budget),2005,16695.0
Other Independent Agencies (On-Budget),2006,16285.0
Other Independent Agencies (On-Budget),2007,15517.0
Other Independent Agencies (On-Budget),2008,31701.0
Other Independent Agencies (On-Budget),2009,49837.0
Other Independent Agencies (On-Budget),2010,17855.0
Other Independent Agencies (On-Budget),2011,19760.0
Other Independent Agencies (On-Budget),2012,23324.0
Other Independent Agencies (On-Budget),2013,25258.0
Other Independent Agencies (On-Budget),2014,26409.0
Other Independent Agencies (On-Budget),2015,29533.0
Other Independent Agencies (On-Budget),2016,27821.0
Other Independent Agencies (On-Budget),2017,29529.0
Other Independent Agencies (On-Budget),2018,28492.0
Other Independent Agencies (On-Budget),2019,28353.0
Other Independent Agencies (On-Budget),2020,29479.0
Other Independent Agencies (On-Budget),2021,31195.0
Other Independent Agencies (On-Budget),2022,32903.0
Other Independent Agencies (Off-Budget),1976,
Other Independent Agencies (Off-Budget),1977,
Other Independent Agencies (Off-Budget),1978,
Other Independent Agencies (Off-Budget),1979,
Other Independent Agencies (Off-Budget),1980,
Other Independent Agencies (Off-Budget),1981,
Other Independent Agencies (Off-Budget),1982,
Other Independent Agencies (Off-Budget),1983,200.0
Other Independent Agencies (Off-Budget),1984,919.0
Other Independent Agencies (Off-Budget),1985,1430.0
Other Independent Agencies (Off-Budget),1986,1788.0
Other Independent Agencies (Off-Budget),1987,2294.0
Other Independent Agencies (Off-Budget),1988,941.0
Other Independent Agencies (Off-Budget),1989,1610.0
Other Independent Agencies (Off-Budget),1990,3083.0
Other Independent Agencies (Off-Budget),1991,3301.0
Other Independent Agencies (Off-Budget),1992,2198.0
Other Independent Agencies (Off-Budget),1993,2239.0
Other Independent Agencies (Off-Budget),1994,2732.0
Other Independent Agencies (Off-Budget),1995,2554.0
Other Independent Agencies (Off-Budget),1996,3441.0
Other Independent Agencies (Off-Budget),1997,3725.0
Other Independent Agencies (Off-Budget),1998,6359.0
Other Independent Agencies (Off-Budget),1999,5607.0
Other Independent Agencies (Off-Budget),2000,3712.0
Other Independent Agencies (Off-Budget),2001,4064.0
Other Independent Agencies (Off-Budget),2002,3071.0
Other Independent Agencies (Off-Budget),2003,5386.0
Other Independent Agencies (Off-Budget),2004,2057.0
Other Independent Agencies (Off-Budget),2005,1005.0
Other Independent Agencies (Off-Budget),2006,3693.0
Other Independent Agencies (Off-Budget),2007,8899.0
Other Independent Agencies (Off-Budget),2008,9677.0
Other Independent Agencies (Off-Budget),2009,6578.0
Other Independent Agencies (Off-Budget),2010,4700.0
Other Independent Agencies (Off-Budget),2011,996.0
Other Independent Agencies (Off-Budget),2012,2255.0
Other Independent Agencies (Off-Budget),2013,
Other Independent Agencies (Off-Budget),2014,-3.0
Other Independent Agencies (Off-Budget),2015,
Other Independent Agencies (Off-Budget),2016,264.0
Other Independent Agencies (Off-Budget),2017,264.0
Other Independent Agencies (Off-Budget),2018,249.0
Other Independent Agencies (Off-Budget),2019,249.0
Other Independent Agencies (Off-Budget),2020,249.0
Other Independent Agencies (Off-Budget),2021,249.0
Other Independent Agencies (Off-Budget),2022,249.0
Allowances,1976,
Allowances,1977,
Allowances,1978,
Allowances,1979,
Allowances,1980,
Allowances,1981,
Allowances,1982,
Allowances,1983,
Allowances,1984,
Allowances,1985,
Allowances,1986,
Allowances,1987,
Allowances,1988,
Allowances,1989,
Allowances,1990,
Allowances,1991,
Allowances,1992,
Allowances,1993,
Allowances,1994,
Allowances,1995,
Allowances,1996,
Allowances,1997,
Allowances,1998,
Allowances,1999,
Allowances,2000,
Allowances,2001,
Allowances,2002,
Allowances,2003,
Allowances,2004,
Allowances,2005,
Allowances,2006,
Allowances,2007,
Allowances,2008,
Allowances,2009,
Allowances,2010,
Allowances,2011,
Allowances,2012,
Allowances,2013,
Allowances,2014,
Allowances,2015,
Allowances,2016,
Allowances,2017,-13507.0
Allowances,2018,158475.0
Allowances,2019,-37283.0
Allowances,2020,-131908.0
Allowances,2021,-197166.0
Allowances,2022,-235686.0
Undistributed Offsetting Receipts,1976,-22186.0
Undistributed Offsetting Receipts,1977,-23018.0
Undistributed Offsetting Receipts,1978,-24250.0
Undistributed Offsetting Receipts,1979,-27428.0
Undistributed Offsetting Receipts,1980,-31988.0
Undistributed Offsetting Receipts,1981,-41852.0
Undistributed Offsetting Receipts,1982,-42165.0
Undistributed Offsetting Receipts,1983,-51078.0
Undistributed Offsetting Receipts,1984,-52329.0
Undistributed Offsetting Receipts,1985,-58656.0
Undistributed Offsetting Receipts,1986,-65036.0
Undistributed Offsetting Receipts,1987,-72262.0
Undistributed Offsetting Receipts,1988,-78789.0
Undistributed Offsetting Receipts,1989,-89074.0
Undistributed Offsetting Receipts,1990,-98930.0
Undistributed Offsetting Receipts,1991,-110005.0
Undistributed Offsetting Receipts,1992,-117111.0
Undistributed Offsetting Receipts,1993,-119711.0
Undistributed Offsetting Receipts,1994,-123469.0
Undistributed Offsetting Receipts,1995,-137632.0
Undistributed Offsetting Receipts,1996,-134997.0
Undistributed Offsetting Receipts,1997,-154969.0
Undistributed Offsetting Receipts,1998,-161034.0
Undistributed Offsetting Receipts,1999,-159036.0
Undistributed Offsetting Receipts,2000,-173019.0
Undistributed Offsetting Receipts,2001,-191125.0
Undistributed Offsetting Receipts,2002,-200706.0
Undistributed Offsetting Receipts,2003,-210449.0
Undistributed Offsetting Receipts,2004,-212526.0
Undistributed Offsetting Receipts,2005,-226213.0
Undistributed Offsetting Receipts,2006,-237548.0
Undistributed Offsetting Receipts,2007,-260206.0
Undistributed Offsetting Receipts,2008,-277791.0
Undistributed Offsetting Receipts,2009,-274193.0
Undistributed Offsetting Receipts,2010,-267886.0
Undistributed Offsetting Receipts,2011,-276478.0
Undistributed Offsetting Receipts,2012,-230682.0
Undistributed Offsetting Receipts,2013,-249450.0
Undistributed Offsetting Receipts,2014,-246158.0
Undistributed Offsetting Receipts,2015,-257594.0
Undistributed Offsetting Receipts,2016,-241362.0
Undistributed Offsetting Receipts,2017,-243336.0
Undistributed Offsetting Receipts,2018,-247944.0
Undistributed Offsetting Receipts,2019,-234803.0
Undistributed Offsetting Receipts,2020,-238504.0
Undistributed Offsetting Receipts,2021,-240521.0
Undistributed Offsetting Receipts,2022,-243515.0
(On-budget),1976,-18411.0
(On-budget),1977,-19390.0
(On-budget),1978,-20788.0
(On-budget),1979,-24089.0
(On-budget),1980,-28445.0
(On-budget),1981,-38134.0
(On-budget),1982,-38448.0
(On-budget),1983,-47455.0
(On-budget),1984,-46975.0
(On-budget),1985,-52029.0
(On-budget),1986,-57850.0
(On-budget),1987,-63672.0
(On-budget),1988,-66992.0
(On-budget),1989,-72822.0
(On-budget),1990,-77371.0
(On-budget),1991,-83979.0
(On-budget),1992,-87372.0
(On-budget),1993,-86507.0
(On-budget),1994,-87857.0
(On-budget),1995,-97895.0
(On-budget),1996,-92212.0
(On-budget),1997,-107272.0
(On-budget),1998,-107353.0
(On-budget),1999,-99581.0
(On-budget),2000,-105586.0
(On-budget),2001,-114404.0
(On-budget),2002,-115009.0
(On-budget),2003,-117303.0
(On-budget),2004,-114967.0
(On-budget),2005,-123436.0
(On-budget),2006,-128201.0
(On-budget),2007,-141904.0
(On-budget),2008,-150928.0
(On-budget),2009,-142013.0
(On-budget),2010,-134448.0
(On-budget),2011,-145398.0
(On-budget),2012,-102697.0
(On-budget),2013,-127632.0
(On-budget),2014,-130155.0
(On-budget),2015,-145618.0
(On-budget),2016,-133851.0
(On-budget),2017,-139331.0
(On-budget),2018,-145074.0
(On-budget),2019,-131260.0
(On-budget),2020,-135478.0
(On-budget),2021,-137832.0
(On-budget),2022,-142852.0
(Off-budget),1976,-3775.0
(Off-budget),1977,-3627.0
(Off-budget),1978,-3463.0
(Off-budget),1979,-3338.0
(Off-budget),1980,-3543.0
(Off-budget),1981,-3718.0
(Off-budget),1982,-3717.0
(Off-budget),1983,-3623.0
(Off-budget),1984,-5354.0
(Off-budget),1985,-6627.0
(Off-budget),1986,-7186.0
(Off-budget),1987,-8590.0
(Off-budget),1988,-11798.0
(Off-budget),1989,-16252.0
(Off-budget),1990,-21558.0
(Off-budget),1991,-26026.0
(Off-budget),1992,-29739.0
(Off-budget),1993,-33203.0
(Off-budget),1994,-35612.0
(Off-budget),1995,-39737.0
(Off-budget),1996,-42785.0
(Off-budget),1997,-47697.0
(Off-budget),1998,-53681.0
(Off-budget),1999,-59455.0
(Off-budget),2000,-67433.0
(Off-budget),2001,-76721.0
(Off-budget),2002,-85697.0
(Off-budget),2003,-93146.0
(Off-budget),2004,-97559.0
(Off-budget),2005,-102777.0
(Off-budget),2006,-109347.0
(Off-budget),2007,-118302.0
(Off-budget),2008,-126863.0
(Off-budget),2009,-132180.0
(Off-budget),2010,-133438.0
(Off-budget),2011,-131080.0
(Off-budget),2012,-127985.0
(Off-budget),2013,-121818.0
(Off-budget),2014,-116003.0
(Off-budget),2015,-111976.0
(Off-budget),2016,-107511.0
(Off-budget),2017,-104005.0
(Off-budget),2018,-102870.0
(Off-budget),2019,-103543.0
(Off-budget),2020,-103026.0
(Off-budget),2021,-102689.0
(Off-budget),2022,-100663.0
Total budget authority,1976,420870.0
Total budget authority,1977,468450.0
Total budget authority,1978,504565.0
Total budget authority,1979,558829.0
Total budget authority,1980,670062.0
Total budget authority,1981,740300.0
Total budget authority,1982,806522.0
Total budget authority,1983,869841.0
Total budget authority,1984,923384.0
Total budget authority,1985,1028252.0
Total budget authority,1986,1013934.0
Total budget authority,1987,1033008.0
Total budget authority,1988,1091310.0
Total budget authority,1989,1195894.0
Total budget authority,1990,1286164.0
Total budget authority,1991,1386065.0
Total budget authority,1992,1467388.0
Total budget authority,1993,1474333.0
Total budget authority,1994,1529205.0
Total budget authority,1995,1539653.0
Total budget authority,1996,1580911.0
Total budget authority,1997,1642778.0
Total budget authority,1998,1692152.0
Total budget authority,1999,1776660.0
Total budget authority,2000,1824870.0
Total budget authority,2001,1958871.0
Total budget authority,2002,2090012.0
Total budget authority,2003,2266057.0
Total budget authority,2004,2408175.0
Total budget authority,2005,2582641.0
Total budget authority,2006,2780398.0
Total budget authority,2007,2863068.0
Total budget authority,2008,3326275.0
Total budget authority,2009,4077475.0
Total budget authority,2010,3484600.0
Total budget authority,2011,3509881.0
Total budget authority,2012,3576162.0
Total budget authority,2013,3478366.0
Total budget authority,2014,3618985.0
Total budget authority,2015,3772716.0
Total budget authority,2016,3972912.0
Total budget authority,2017,4110710.0
Total budget authority,2018,4279489.0
Total budget authority,2019,4284736.0
Total budget authority,2020,4431601.0
Total budget authority,2021,4582090.0
Total budget authority,2022,4811798.0
